USE pg_life;
-- phpMyAdmin SQL Dump
-- version 4.9.2
-- https://www.phpmyadmin.net/
--
-- Host: 127.0.0.1
-- Generation Time: Aug 11, 2022 at 06:02 PM
-- Server version: 10.4.11-MariaDB
-- PHP Version: 7.4.1

SET SQL_MODE = "NO_AUTO_VALUE_ON_ZERO";
SET AUTOCOMMIT = 0;
START TRANSACTION;
SET time_zone = "+00:00";


/*!40101 SET @OLD_CHARACTER_SET_CLIENT=@@CHARACTER_SET_CLIENT */;
/*!40101 SET @OLD_CHARACTER_SET_RESULTS=@@CHARACTER_SET_RESULTS */;
/*!40101 SET @OLD_COLLATION_CONNECTION=@@COLLATION_CONNECTION */;
/*!40101 SET NAMES utf8mb4 */;

--
-- Database: `pg_life`
--

-- --------------------------------------------------------

--
-- Table structure for table `amenities`
--

CREATE TABLE `amenities` (
  `id` int(11) NOT NULL,
  `name` varchar(100) NOT NULL,
  `type` varchar(100) DEFAULT NULL,
  `icon` varchar(100) DEFAULT NULL
) ENGINE=InnoDB DEFAULT CHARSET=utf8mb4;

--
-- Dumping data for table `amenities`
--

INSERT INTO `amenities` (`id`, `name`, `type`, `icon`) VALUES
(1, 'Wifi', 'Common Area', 'wifi'),
(2, 'Power Backup', 'Building', 'powerbackup'),
(3, 'Fire Extinguisher', 'Building', 'fireext'),
(4, 'TV', 'Common Area', 'tv'),
(5, 'Bed with Mattress', 'Bedroom', 'bed'),
(6, 'Parking', 'Building', 'parking'),
(7, 'Water Purifier', 'Common Area', 'rowater'),
(8, 'Dining', 'Common Area', 'dining'),
(9, 'Air Conditioner', 'Bedroom', 'ac'),
(10, 'Washing Machine', 'Common Area', 'washingmachine'),
(11, 'Lift', 'Building', 'lift'),
(12, 'CCTV', 'Building', 'cctv'),
(13, 'Geyser', 'Washroom', 'geyser');

-- --------------------------------------------------------

--
-- Table structure for table `cities`
--

CREATE TABLE `city` (
  `id` int(11) NOT NULL,
  `name` varchar(100) NOT NULL
) ENGINE=InnoDB DEFAULT CHARSET=utf8mb4;

--
-- Dumping data for table `cities`
--

INSERT INTO `city` (`id`, `name`) VALUES
(3, 'Bengaluru'),
(1, 'Delhi'),
(4, 'Lucknow'),
(2, 'Mumbai');

-- --------------------------------------------------------

--
-- Table structure for table `interested_users_properties`
--

CREATE TABLE `interested_users_properties` (
  `id` int(11) NOT NULL,
  `user_id` int(11) DEFAULT NULL,
  `property_id` int(11) DEFAULT NULL
) ENGINE=InnoDB DEFAULT CHARSET=utf8mb4;

--
-- Dumping data for table `interested_users_properties`
--

INSERT INTO `interested_users_properties` (`id`, `user_id`, `property_id`) VALUES
(28, 28, 4);

-- --------------------------------------------------------

--
-- Table structure for table `properties`
--

CREATE TABLE `properties` (
  `id` int(11) NOT NULL,
  `city_id` int(11) DEFAULT NULL,
  `name` varchar(200) NOT NULL,
  `address` varchar(1000) DEFAULT NULL,
  `description` varchar(10000) DEFAULT NULL,
  `gender` enum('male','female','other') NOT NULL,
  `rent` int(11) NOT NULL,
  `rating_clean` float(3,1) DEFAULT NULL,
  `rating_food` float(3,1) DEFAULT NULL,
  `rating_safety` float(3,1) DEFAULT NULL
) ENGINE=InnoDB DEFAULT CHARSET=utf8mb4;

--
-- Dumping data for table `properties`
--

INSERT INTO `properties` (`id`, `city_id`, `name`, `address`, `description`, `gender`, `rent`, `rating_clean`, `rating_food`, `rating_safety`) VALUES 
(1, 1, 'Saxenas Paying Guest', 'H.No. 3958 Kaseru Walan, Pahar Ganj, New Delhi, Delhi 110055', 
'Furnished studio apartment available for males. Located in Bijwasan, Delhi, it offers options for private or shared rooms. Enjoy nearby cafes and cinema halls, just 2 km away. Shared living and kitchen space provides opportunities for bonding with roommates. Neighborhood: 4.0 km from Dwarka Sector-21 Metro Station.', 
'male', 5000, 4.3, 3.4, 4.8),

(2, 1, 'Navrang PG Home', '644-C, Mohalla Baoli, 6 Tooti Chowk, Paharganj, New Delhi, Delhi 110055', 
'Unisex accommodation near the bustling streets of Paharganj, Delhi. Perfect for individuals seeking affordable living options. Private and shared room options available. Close proximity to cafes and markets. Neighborhood: 3.0 km from New Delhi Railway Station.', 
'unisex', 6000, 3.2, 3.5, 4.0),

(3, 2, 'Navkar Paying Guest', '44, Juhu Scheme, Juhu, Mumbai, Maharashtra 400058', 
'Exclusive female-only PG in the heart of Juhu, Mumbai. Walking distance to beach and premium eateries. Shared facilities ensure a homely experience. Neighborhood: 1.5 km from Juhu Beach.', 
'female', 9500, 3.9, 3.8, 4.9),

(4, 2, 'PG for Girls Borivali West', 'Plot no. 258/D4, Gorai no. 2, Borivali West, Mumbai, Maharashtra 400092', 
'A well-maintained PG exclusively for females in Borivali, Mumbai. Ideal for students or working professionals. Safe locality with easy access to public transport. Neighborhood: 2.0 km from Borivali West Railway Station.', 
'female', 8000, 4.2, 4.1, 4.5),

(5, 2, 'Ganpati Paying Guest', 'Police Beat, Sainath Complex, Besides SV Rd, Daulat Nagar, Borivali East, Mumbai - 400066', 
'Affordable male accommodation in Borivali East, Mumbai. Vibrant community living with nearby markets and eateries. Private and shared rooms available. Neighborhood: 1.8 km from Borivali East Railway Station.', 
'male', 8500, 4.2, 3.9, 4.6),

(6, 2, 'Star Boys Hostel', 'Near BBD University, Chinhat, Faizabad Road, Lucknow - 226010', 
'Comfortable and affordable hostel for males near BBD University, Lucknow. Shared accommodations with basic facilities. Ideal for students. Neighborhood: 7.0 km from Indira Nagar Metro Station.', 
'male', 5000, 4.3, 3.4, 4.8);

-- --------------------------------------------------------

--
-- Table structure for table `properties_amenities`
--

CREATE TABLE `properties_amenities` (
  `id` int(11) NOT NULL,
  `property_id` int(11) DEFAULT NULL,
  `amenity_id` int(11) DEFAULT NULL
) ENGINE=InnoDB DEFAULT CHARSET=utf8mb4;

--
-- Dumping data for table `properties_amenities`
--

INSERT INTO `properties_amenities` (`id`, `property_id`, `amenity_id`) VALUES
(1, 1, 1),
(2, 1, 2),
(3, 1, 4),
(4, 1, 5),
(5, 1, 7),
(6, 1, 8),
(7, 1, 9),
(8, 1, 10),
(9, 1, 11),
(10, 1, 13),
(11, 2, 1),
(12, 2, 2),
(13, 2, 3),
(14, 2, 4),
(15, 2, 5),
(16, 2, 7),
(17, 2, 8),
(18, 2, 9),
(19, 2, 10),
(20, 2, 11),
(21, 2, 13),
(22, 3, 1),
(23, 3, 2),
(24, 3, 3),
(25, 3, 4),
(26, 3, 5),
(27, 3, 7),
(28, 3, 8),
(29, 3, 10),
(30, 3, 11),
(31, 3, 12),
(32, 3, 13),
(33, 4, 1),
(34, 4, 3),
(35, 4, 4),
(36, 4, 5),
(37, 4, 7),
(38, 4, 8),
(39, 4, 10),
(40, 4, 11),
(41, 4, 12),
(42, 4, 13),
(43, 5, 1),
(44, 5, 3),
(45, 5, 4),
(46, 5, 5),
(47, 5, 7),
(48, 5, 8),
(49, 5, 10),
(50, 5, 11),
(51, 5, 12),
(52, 5, 13);

-- --------------------------------------------------------

--
-- Table structure for table `testimonials`
--

CREATE TABLE `testimonials` (
  `id` int(11) NOT NULL,
  `property_id` int(11) DEFAULT NULL,
  `user_name` varchar(100) NOT NULL,
  `content` varchar(10000) DEFAULT NULL
) ENGINE=InnoDB DEFAULT CHARSET=utf8mb4;

--
-- Dumping data for table `testimonials`
--

INSERT INTO `testimonials` (`id`, `property_id`, `user_name`, `content`) VALUES
(1, 1, 'Ashutosh Gowariker', 'You just have to arrive at the place, it\'s fully furnished and stocked with all basic amenities and services and even your friends are welcome.'),
(2, 1, 'Karan Johar', 'You just have to arrive at the place, it\'s fully furnished and stocked with all basic amenities and services and even your friends are welcome.'),
(3, 2, 'Zoya Akhtar', 'You just have to arrive at the place, it\'s fully furnished and stocked with all basic amenities and services and even your friends are welcome.'),
(4, 2, 'Farhan Akhtar', 'You just have to arrive at the place, it\'s fully furnished and stocked with all basic amenities and services and even your friends are welcome.'),
(5, 2, 'Anurag Kashyap', 'You just have to arrive at the place, it\'s fully furnished and stocked with all basic amenities and services and even your friends are welcome.'),
(6, 3, 'Mira Nair', 'You just have to arrive at the place, it\'s fully furnished and stocked with all basic amenities and services and even your friends are welcome.'),
(7, 3, 'Meghna Gulzar', 'You just have to arrive at the place, it\'s fully furnished and stocked with all basic amenities and services and even your friends are welcome.'),
(8, 4, 'Farah Khan', 'You just have to arrive at the place, it\'s fully furnished and stocked with all basic amenities and services and even your friends are welcome.'),
(9, 5, 'Rajkumar Hirani', 'You just have to arrive at the place, it\'s fully furnished and stocked with all basic amenities and services and even your friends are welcome.'),
(10, 5, 'Sanjay Leela Bhansali', 'You just have to arrive at the place, it\'s fully furnished and stocked with all basic amenities and services and even your friends are welcome.');

-- --------------------------------------------------------

--
-- Table structure for table `users`
--

CREATE TABLE `users` (
  `id` int(11) NOT NULL,
  `email` varchar(200) DEFAULT NULL,
  `password` varchar(255) DEFAULT NULL,
  `full_name` varchar(100) NOT NULL,
  `phone` varchar(10) NOT NULL,
  `gender` enum('male','female','other') NOT NULL,
  `college_name` varchar(255) DEFAULT NULL
) ENGINE=InnoDB DEFAULT CHARSET=utf8mb4;

--
-- Dumping data for table `users`
--

INSERT INTO `users` (`id`, `email`, `password`, `full_name`, `phone`, `gender`, `college_name`) VALUES
(1, 'anuj.kalbalia@gmail.com', 'b1b3773a05c0ed0176787a4f1574ff0075f7521e', 'Anuj Kalbalia', '9535100112', 'male', 'NITD'),
(2, 'shadab@gmail.com', 'b1b3773a05c0ed0176787a4f1574ff0075f7521e', 'Shadab Alam', '9876543210', 'male', 'NITJ'),
(3, 'aditya@gmail.com', 'b1b3773a05c0ed0176787a4f1574ff0075f7521e', 'Aditya Sood', '9876543210', 'male', 'Chandigarh University'),
(4, 'radhika@gmail.com', 'b1b3773a05c0ed0176787a4f1574ff0075f7521e', 'Radhika Bhatia', '9876543210', 'female', 'Delhi University'),
(28, 'deba@gmail.com', 'ffff23497a2aefbefd9e6d198431cd49fde42559', 'Debanjan Sarkar', '8978562574', 'male', 'Jalpaiguri Government Engineering College');

--
-- Indexes for dumped tables
--

--
-- Indexes for table `amenities`
--
ALTER TABLE `amenities`
  ADD PRIMARY KEY (`id`);

--
-- Indexes for table `cities`
--
ALTER TABLE `city`
  ADD PRIMARY KEY (`id`),
  ADD UNIQUE KEY `name` (`name`);

--
-- Indexes for table `interested_users_properties`
--
ALTER TABLE `interested_users_properties`
  ADD PRIMARY KEY (`id`),
  ADD KEY `user_id` (`user_id`),
  ADD KEY `property_id` (`property_id`);

--
-- Indexes for table `properties`
--
ALTER TABLE `properties`
  ADD PRIMARY KEY (`id`),
  ADD KEY `city_id` (`city_id`);

--
-- Indexes for table `properties_amenities`
--
ALTER TABLE `properties_amenities`
  ADD PRIMARY KEY (`id`),
  ADD KEY `property_id` (`property_id`),
  ADD KEY `amenity_id` (`amenity_id`);

--
-- Indexes for table `testimonials`
--
ALTER TABLE `testimonials`
  ADD PRIMARY KEY (`id`),
  ADD KEY `property_id` (`property_id`);

--
-- Indexes for table `users`
--
ALTER TABLE `users`
  ADD PRIMARY KEY (`id`),
  ADD UNIQUE KEY `email` (`email`);

--
-- AUTO_INCREMENT for dumped tables
--

--
-- AUTO_INCREMENT for table `cities`
--
ALTER TABLE `city`
  MODIFY `id` int(11) NOT NULL AUTO_INCREMENT, AUTO_INCREMENT=5;

--
-- AUTO_INCREMENT for table `interested_users_properties`
--
ALTER TABLE `interested_users_properties`
  MODIFY `id` int(11) NOT NULL AUTO_INCREMENT, AUTO_INCREMENT=29;

--
-- AUTO_INCREMENT for table `properties`
--
ALTER TABLE `properties`
  MODIFY `id` int(11) NOT NULL AUTO_INCREMENT, AUTO_INCREMENT=6;

--
-- AUTO_INCREMENT for table `users`
--
ALTER TABLE `users`
  MODIFY `id` int(11) NOT NULL AUTO_INCREMENT, AUTO_INCREMENT=29;

--
-- Constraints for dumped tables
--

--
-- Constraints for table `interested_users_properties`
--
ALTER TABLE `interested_users_properties`
  ADD CONSTRAINT `interested_users_properties_ibfk_1` FOREIGN KEY (`user_id`) REFERENCES `users` (`id`),
  ADD CONSTRAINT `interested_users_properties_ibfk_2` FOREIGN KEY (`property_id`) REFERENCES `properties` (`id`);

--
-- Constraints for table `properties`
--
ALTER TABLE `properties`
  ADD CONSTRAINT `properties_ibfk_1` FOREIGN KEY (`city_id`) REFERENCES `city` (`id`);

--
-- Constraints for table `properties_amenities`
--
ALTER TABLE `properties_amenities`
  ADD CONSTRAINT `properties_amenities_ibfk_1` FOREIGN KEY (`property_id`) REFERENCES `properties` (`id`),
  ADD CONSTRAINT `properties_amenities_ibfk_2` FOREIGN KEY (`amenity_id`) REFERENCES `amenities` (`id`);

--
-- Constraints for table `testimonials`
--
ALTER TABLE `testimonials`
  ADD CONSTRAINT `testimonials_ibfk_1` FOREIGN KEY (`property_id`) REFERENCES `properties` (`id`);
COMMIT;

/*!40101 SET CHARACTER_SET_CLIENT=@OLD_CHARACTER_SET_CLIENT */;
/*!40101 SET CHARACTER_SET_RESULTS=@OLD_CHARACTER_SET_RESULTS */;
/*!40101 SET COLLATION_CONNECTION=@OLD_COLLATION_CONNECTION */;
